Data;Atsak_;IP adresas;Ar pritariate, kad  dr. J. Basanavi_iaus paminklas b_t_ pastatytas aikšt_je priešais Filharmonij_?;Ar pritariate, kad  dr. J. Basanavi_iaus paminklas b_t_ pastatytas K. Sirvydo skvere?
05/10/15 08:52;---;192.110.164.130;Nepritariu;Pritariu
05/10/15 08:52;---;213.163.71.174;;
05/10/15 08:51;---;66.90.121.114;Nepritariu;Pritariu
05/10/15 08:28;---;93.174.93.145;Nepritariu;Pritariu
05/10/15 07:15;---;88.119.17.238;Pritariu;Nepritariu
05/10/15 05:18;---;89.117.254.205;Pritariu;Nepritariu
04/10/15 23:42;---;106.186.124.168;Nepritariu;Pritariu
04/10/15 23:29;---;103.15.140.178;Nepritariu;Pritariu
04/10/15 23:27;---;106.240.250.106;Nepritariu;Pritariu
04/10/15 23:20;---;119.92.185.134;Nepritariu;Pritariu
04/10/15 23:09;---;78.56.121.95;Nepritariu;Pritariu
04/10/15 21:55;---;78.57.248.56;Pritariu;Nepritariu
04/10/15 20:41;---;85.17.24.66;Nepritariu;Pritariu
04/10/15 20:38;---;103.4.66.158;Nepritariu;Pritariu
04/10/15 20:36;---;123.59.60.163;Nepritariu;Pritariu
04/10/15 20:04;---;78.60.84.231;Pritariu;Nepritariu
04/10/15 19:36;---;78.60.172.142;Pritariu;Nepritariu
04/10/15 19:24;---;174.118.151.18;Pritariu;Nepritariu
04/10/15 19:03;---;88.223.33.248;Pritariu;Neturiu nuomon_s
04/10/15 18:34;---;113.106.93.42;Nepritariu;Pritariu
04/10/15 18:31;---;50.7.78.234;Nepritariu;Pritariu
04/10/15 18:31;---;122.89.134.132;Nepritariu;Pritariu
04/10/15 18:26;---;123.57.23.114;Nepritariu;Pritariu
04/10/15 18:23;---;122.226.133.115;Nepritariu;Pritariu
04/10/15 17:41;---;1.165.233.56;Nepritariu;Pritariu
04/10/15 17:15;---;119.235.102.66;Nepritariu;Pritariu
04/10/15 17:04;---;118.244.239.2;Nepritariu;Pritariu
04/10/15 16:57;---;117.156.15.19;Nepritariu;Pritariu
04/10/15 16:57;---;120.203.158.149;Nepritariu;Pritariu
04/10/15 16:57;---;120.198.236.10;Nepritariu;Pritariu
04/10/15 16:56;---;116.53.74.216;Nepritariu;Pritariu
04/10/15 16:56;---;119.28.1.183;Nepritariu;Pritariu
04/10/15 16:56;---;121.8.149.234;Nepritariu;Pritariu
04/10/15 16:56;---;117.156.15.25;Nepritariu;Pritariu
04/10/15 16:52;---;107.150.96.127;Nepritariu;Pritariu
04/10/15 16:26;---;5.20.153.233;Nepritariu;Pritariu
04/10/15 15:53;---;78.56.184.47;Nepritariu;Pritariu
04/10/15 15:19;---;78.56.121.167;Pritariu;Nepritariu
04/10/15 15:05;---;79.133.248.155;Pritariu;Neturiu nuomon_s
04/10/15 12:40;---;78.60.68.7;Pritariu;Nepritariu
04/10/15 12:26;---;188.69.210.67;Nepritariu;Pritariu
04/10/15 12:15;---;86.100.31.245;Nepritariu;Pritariu
04/10/15 11:43;---;78.60.235.100;Pritariu;Pritariu
04/10/15 09:42;---;78.60.12.222;Pritariu;Neturiu nuomon_s
04/10/15 09:08;---;108.255.220.233;Pritariu;Pritariu
04/10/15 05:39;---;75.36.247.16;Pritariu;Nepritariu
04/10/15 05:36;---;73.47.56.244;Nepritariu;Nepritariu
04/10/15 04:47;---;108.18.43.9;Pritariu;Nepritariu
03/10/15 23:27;---;213.164.121.203;Pritariu;Neturiu nuomon_s
03/10/15 21:53;---;82.140.180.245;Pritariu;Pritariu
03/10/15 21:14;---;78.60.75.125;Pritariu;Neturiu nuomon_s
03/10/15 20:43;---;78.60.1.80;Pritariu;Nepritariu
03/10/15 20:38;---;78.56.143.155;Nepritariu;Pritariu
03/10/15 17:55;---;78.60.137.193;Pritariu;Nepritariu
03/10/15 17:34;---;78.60.231.178;Pritariu;Neturiu nuomon_s
03/10/15 13:10;---;66.249.81.132;Pritariu;Nepritariu
03/10/15 13:07;---;78.56.142.99;Pritariu;Nepritariu
03/10/15 13:02;---;78.56.20.56;Neturiu nuomon_s;Pritariu
03/10/15 10:50;---;78.157.73.137;Nepritariu;Pritariu
03/10/15 10:40;---;78.60.117.80;Pritariu;Nepritariu
03/10/15 10:26;---;78.56.15.161;Nepritariu;Pritariu
03/10/15 04:53;---;86.38.95.69;Pritariu;Neturiu nuomon_s
03/10/15 00:57;---;78.63.113.8;Pritariu;Nepritariu
03/10/15 00:05;---;78.60.102.95;Pritariu;Nepritariu
02/10/15 22:04;---;78.60.70.40;Nepritariu;Pritariu
02/10/15 21:55;---;89.117.209.145;Pritariu;Pritariu
02/10/15 21:54;---;77.221.67.70;Nepritariu;Pritariu
02/10/15 21:47;---;78.60.32.89;Pritariu;Nepritariu
02/10/15 21:19;---;84.15.187.240;Nepritariu;Pritariu
02/10/15 19:30;---;86.38.158.99;Pritariu;Nepritariu
02/10/15 19:30;---;78.60.155.120;Pritariu;Neturiu nuomon_s
02/10/15 18:38;---;78.56.179.43;Nepritariu;Pritariu
02/10/15 18:20;---;213.197.136.58;Pritariu;Nepritariu
02/10/15 18:18;---;84.46.253.11;Pritariu;Nepritariu
02/10/15 17:44;---;78.60.201.89;Pritariu;Nepritariu
02/10/15 16:44;---;78.60.107.241;Pritariu;Nepritariu
02/10/15 16:41;---;107.178.108.50;Nepritariu;Pritariu
02/10/15 16:37;---;23.227.179.179;Nepritariu;Pritariu
02/10/15 16:36;---;188.69.198.8;Pritariu;Neturiu nuomon_s
02/10/15 16:33;---;188.165.199.94;Nepritariu;Pritariu
02/10/15 16:07;---;78.60.81.20;Pritariu;Nepritariu
02/10/15 15:59;---;85.206.128.35;Pritariu;Nepritariu
02/10/15 15:01;---;193.219.78.57;Pritariu;Nepritariu
02/10/15 14:49;---;194.176.58.193;Pritariu;Nepritariu
02/10/15 14:35;---;83.190.95.222;Nepritariu;Pritariu
02/10/15 14:20;---;154.46.99.42;Pritariu;Nepritariu
02/10/15 14:09;---;82.135.128.40;Nepritariu;Pritariu
02/10/15 14:04;---;78.60.107.30;Pritariu;Nepritariu
02/10/15 14:02;---;194.110.220.242;Nepritariu;Pritariu
02/10/15 13:59;---;144.76.74.151;Nepritariu;Pritariu
02/10/15 13:40;---;88.119.87.101;Pritariu;Pritariu
02/10/15 13:34;---;107.178.104.36;Nepritariu;Pritariu
02/10/15 13:32;---;107.178.104.62;Nepritariu;Pritariu
02/10/15 13:28;---;107.178.104.48;Nepritariu;Pritariu
02/10/15 13:24;---;107.178.104.25;Nepritariu;Pritariu
02/10/15 13:21;---;107.178.104.23;Nepritariu;Pritariu
02/10/15 13:21;---;107.178.104.53;Nepritariu;Pritariu
02/10/15 13:20;---;78.56.37.239;Pritariu;Nepritariu
02/10/15 13:16;---;107.178.104.56;Nepritariu;Pritariu
02/10/15 13:16;---;107.178.104.6;Nepritariu;Pritariu
02/10/15 13:15;---;107.178.104.32;Nepritariu;Pritariu
02/10/15 13:14;---;107.178.104.40;Nepritariu;Pritariu
02/10/15 13:14;---;107.178.104.3;Nepritariu;Pritariu
02/10/15 13:06;---;81.7.79.129;Nepritariu;Pritariu
02/10/15 13:00;---;193.219.76.238;Pritariu;Neturiu nuomon_s
02/10/15 12:50;---;154.46.98.206;Pritariu;Pritariu
02/10/15 11:52;---;199.167.133.185;Nepritariu;Pritariu
02/10/15 11:51;---;199.167.133.183;Nepritariu;Pritariu
02/10/15 11:50;---;107.178.104.47;Nepritariu;Pritariu
02/10/15 11:48;---;107.178.104.20;Nepritariu;Pritariu
02/10/15 11:46;---;107.178.104.34;Nepritariu;Pritariu
02/10/15 11:45;---;199.167.133.189;Nepritariu;Pritariu
02/10/15 11:44;---;199.167.133.174;Nepritariu;Pritariu
02/10/15 11:43;---;199.167.133.179;Nepritariu;Pritariu
02/10/15 11:42;---;199.167.133.193;Nepritariu;Pritariu
02/10/15 11:42;---;107.178.104.30;Nepritariu;Pritariu
02/10/15 11:41;---;107.178.104.14;Nepritariu;Pritariu
02/10/15 11:40;---;107.178.104.29;Nepritariu;Pritariu
02/10/15 11:39;---;5.20.137.17;Pritariu;Nepritariu
02/10/15 11:23;---;81.29.17.106;Pritariu;Nepritariu
02/10/15 11:16;---;199.167.133.184;Nepritariu;Pritariu
02/10/15 11:16;---;107.178.104.50;Nepritariu;Pritariu
02/10/15 11:15;---;107.178.104.26;Nepritariu;Pritariu
02/10/15 11:14;---;107.178.104.55;Nepritariu;Pritariu
02/10/15 11:14;---;107.178.104.59;Nepritariu;Pritariu
02/10/15 11:13;---;199.167.133.182;Nepritariu;Pritariu
02/10/15 11:13;---;107.178.104.12;Nepritariu;Pritariu
02/10/15 11:13;---;199.167.133.180;Nepritariu;Pritariu
02/10/15 11:13;---;84.46.251.240;Pritariu;Nepritariu
02/10/15 11:13;---;199.167.133.178;Nepritariu;Pritariu
02/10/15 11:11;---;107.178.104.16;Nepritariu;Pritariu
02/10/15 11:11;---;107.178.104.54;Nepritariu;Pritariu
02/10/15 11:10;---;199.167.133.192;Nepritariu;Pritariu
02/10/15 11:06;---;199.167.133.175;Nepritariu;Pritariu
02/10/15 11:04;---;107.178.104.35;Nepritariu;Pritariu
02/10/15 11:03;---;107.178.104.43;Nepritariu;Pritariu
02/10/15 11:02;---;107.178.104.60;Nepritariu;Pritariu
02/10/15 11:01;---;107.178.104.13;Nepritariu;Pritariu
02/10/15 11:00;---;199.167.133.187;Nepritariu;Pritariu
02/10/15 11:00;---;107.178.104.9;Nepritariu;Pritariu
02/10/15 10:59;---;107.178.104.33;Nepritariu;Pritariu
02/10/15 10:58;---;199.167.133.177;Nepritariu;Pritariu
02/10/15 10:56;---;78.56.103.160;Pritariu;Nepritariu
02/10/15 10:53;---;78.60.252.226;Pritariu;Neturiu nuomon_s
02/10/15 10:48;---;107.178.104.39;Nepritariu;Pritariu
02/10/15 10:45;---;107.178.104.58;Nepritariu;Pritariu
02/10/15 10:44;---;107.178.104.21;Nepritariu;Pritariu
02/10/15 10:43;---;107.178.104.41;Nepritariu;Pritariu
02/10/15 10:42;---;107.178.104.38;Nepritariu;Pritariu
02/10/15 10:38;---;88.223.63.27;Pritariu;Nepritariu
02/10/15 10:35;---;83.178.80.48;Pritariu;Nepritariu
02/10/15 10:33;---;83.188.49.110;Nepritariu;Pritariu
02/10/15 10:28;---;82.135.202.142;Pritariu;Nepritariu
02/10/15 10:08;---;81.7.79.165;Neturiu nuomon_s;Neturiu nuomon_s
02/10/15 10:03;---;107.178.104.4;Nepritariu;Pritariu
02/10/15 09:59;---;86.100.90.92;Pritariu;Neturiu nuomon_s
02/10/15 09:57;---;107.178.104.18;Nepritariu;Pritariu
02/10/15 09:56;---;107.178.104.61;Nepritariu;Pritariu
02/10/15 09:54;---;199.167.133.176;Nepritariu;Pritariu
02/10/15 09:48;---;188.69.192.115;Pritariu;Pritariu
02/10/15 09:46;---;188.69.215.171;Neturiu nuomon_s;Pritariu
02/10/15 09:23;---;154.46.98.202;Pritariu;Nepritariu
02/10/15 09:07;---;37.0.240.219;Pritariu;Nepritariu
02/10/15 08:54;---;107.178.104.51;Nepritariu;Pritariu
02/10/15 08:54;---;107.178.104.37;Nepritariu;Pritariu
02/10/15 08:53;---;107.178.104.2;Nepritariu;Pritariu
02/10/15 08:49;---;78.61.13.132;Pritariu;Nepritariu
02/10/15 08:45;---;84.15.189.216;Pritariu;Neturiu nuomon_s
02/10/15 08:43;---;188.69.197.250;Pritariu;Neturiu nuomon_s
02/10/15 08:42;---;109.73.111.19;Nepritariu;Pritariu
02/10/15 08:41;---;193.200.150.125;Nepritariu;Pritariu
02/10/15 08:37;---;79.98.28.21;Nepritariu;Pritariu
02/10/15 08:31;---;81.7.92.97;Nepritariu;Pritariu
02/10/15 08:30;---;84.15.190.28;Pritariu;Nepritariu
02/10/15 08:10;---;154.46.98.147;Pritariu;Nepritariu
02/10/15 08:07;---;88.119.142.142;Nepritariu;Neturiu nuomon_s
02/10/15 07:59;---;91.103.117.44;Pritariu;Pritariu
02/10/15 07:55;---;195.182.80.106;Nepritariu;Pritariu
02/10/15 07:51;---;193.219.48.237;Pritariu;Neturiu nuomon_s
02/10/15 07:38;---;79.133.253.58;Nepritariu;Nepritariu
02/10/15 07:30;---;88.223.52.247;Nepritariu;Pritariu
02/10/15 07:26;---;81.7.76.201;Pritariu;Pritariu
02/10/15 07:13;---;78.56.164.61;Neturiu nuomon_s;Pritariu
02/10/15 07:11;---;78.60.174.208;Pritariu;Nepritariu
02/10/15 06:43;---;84.46.190.121;Pritariu;Neturiu nuomon_s
02/10/15 00:04;---;78.60.191.240;Pritariu;Nepritariu
01/10/15 23:11;---;78.60.37.130;Pritariu;Nepritariu
01/10/15 23:11;---;81.29.26.144;Pritariu;Nepritariu
01/10/15 23:03;---;79.133.247.120;Pritariu;Nepritariu
01/10/15 22:58;---;78.60.120.28;Pritariu;Neturiu nuomon_s
01/10/15 22:35;---;78.63.170.230;Pritariu;Nepritariu
01/10/15 22:33;---;84.240.52.221;Pritariu;Neturiu nuomon_s
01/10/15 22:23;---;78.60.164.213;Nepritariu;Pritariu
01/10/15 22:18;---;78.63.206.238;Pritariu;Nepritariu
01/10/15 22:04;---;78.56.180.51;Neturiu nuomon_s;Pritariu
01/10/15 21:51;---;78.56.96.23;Pritariu;Pritariu
01/10/15 21:46;---;81.29.27.245;Pritariu;Pritariu
01/10/15 21:41;---;213.164.124.239;Pritariu;Nepritariu
01/10/15 21:37;---;78.60.187.209;Pritariu;Nepritariu
01/10/15 20:31;---;5.20.146.159;Nepritariu;Pritariu
01/10/15 20:22;---;88.222.129.174;Pritariu;Nepritariu
01/10/15 20:14;---;78.63.18.228;Pritariu;Pritariu
01/10/15 19:47;---;213.164.111.171;Pritariu;Neturiu nuomon_s
01/10/15 19:45;---;84.15.184.140;Pritariu;Nepritariu
01/10/15 19:35;---;108.214.11.79;Pritariu;Neturiu nuomon_s
01/10/15 18:55;---;107.178.104.7;Nepritariu;Pritariu
01/10/15 18:54;---;107.178.104.44;Nepritariu;Pritariu
01/10/15 18:54;---;107.178.104.52;Nepritariu;Pritariu
01/10/15 18:52;---;107.178.104.8;Nepritariu;Pritariu
01/10/15 18:51;---;199.167.133.191;Nepritariu;Pritariu
01/10/15 18:51;---;78.60.138.240;Pritariu;Nepritariu
01/10/15 18:50;---;107.178.104.5;Nepritariu;Pritariu
01/10/15 18:49;---;107.178.104.24;Nepritariu;Pritariu
01/10/15 18:49;---;107.178.104.19;Nepritariu;Pritariu
01/10/15 18:48;---;107.178.104.17;Nepritariu;Pritariu
01/10/15 18:48;---;107.178.104.15;Nepritariu;Pritariu
01/10/15 18:46;---;172.56.38.204;Pritariu;Neturiu nuomon_s
01/10/15 18:36;---;199.167.133.188;Nepritariu;Pritariu
01/10/15 18:36;---;199.167.133.186;Nepritariu;Pritariu
01/10/15 18:35;---;107.178.104.42;Nepritariu;Pritariu
01/10/15 18:35;---;107.178.104.22;Nepritariu;Pritariu
01/10/15 18:34;---;199.167.133.190;Nepritariu;Pritariu
01/10/15 18:34;---;199.167.133.181;Nepritariu;Pritariu
01/10/15 18:33;---;107.178.104.10;Nepritariu;Pritariu
01/10/15 18:33;---;107.178.104.31;Nepritariu;Pritariu
01/10/15 18:32;---;107.178.104.28;Nepritariu;Pritariu
01/10/15 18:29;---;107.178.104.11;Nepritariu;Pritariu
01/10/15 18:14;---;213.197.166.234;Nepritariu;Nepritariu
01/10/15 18:04;---;72.15.229.180;Nepritariu;Pritariu
01/10/15 18:03;---;88.119.150.18;Pritariu;Neturiu nuomon_s
01/10/15 18:02;---;86.38.78.201;Nepritariu;Pritariu
01/10/15 17:51;---;78.63.165.200;Pritariu;Nepritariu
01/10/15 17:46;---;86.100.205.175;Pritariu;Nepritariu
01/10/15 17:34;---;78.130.254.2;Nepritariu;Pritariu
01/10/15 17:23;---;79.133.248.67;Pritariu;Nepritariu
01/10/15 17:13;---;82.135.244.114;Nepritariu;Pritariu
01/10/15 16:41;---;195.182.83.140;Pritariu;Nepritariu
01/10/15 16:40;---;82.135.198.150;Pritariu;Nepritariu
01/10/15 16:40;---;193.219.176.111;Pritariu;Nepritariu
01/10/15 16:29;---;84.15.176.190;Nepritariu;Pritariu
01/10/15 16:27;---;195.182.90.234;Pritariu;Nepritariu
01/10/15 16:26;---;90.141.81.195;Nepritariu;Pritariu
01/10/15 16:17;---;82.135.194.24;Nepritariu;Pritariu
01/10/15 16:05;---;158.129.152.118;Pritariu;Nepritariu
01/10/15 15:39;---;78.57.207.184;Pritariu;Nepritariu
01/10/15 15:32;---;82.135.202.58;Nepritariu;Pritariu
01/10/15 15:24;---;85.206.5.120;Pritariu;Nepritariu
01/10/15 15:10;---;193.219.86.252;Pritariu;Nepritariu
01/10/15 15:05;---;46.101.4.62;Nepritariu;Pritariu
01/10/15 15:04;---;88.119.248.36;Nepritariu;Pritariu
01/10/15 14:11;---;195.182.70.130;Pritariu;Nepritariu
01/10/15 13:14;---;195.182.83.114;Nepritariu;Nepritariu
01/10/15 13:12;---;195.182.88.82;Pritariu;Nepritariu
01/10/15 13:03;---;193.219.177.92;Pritariu;Nepritariu
01/10/15 13:01;---;193.219.10.195;Nepritariu;Pritariu
01/10/15 12:47;---;78.60.9.233;Nepritariu;Pritariu
01/10/15 12:45;---;82.135.214.219;Neturiu nuomon_s;Pritariu
01/10/15 12:36;---;193.219.177.33;Neturiu nuomon_s;Pritariu
01/10/15 12:12;---;193.111.236.31;Pritariu;Nepritariu
01/10/15 11:43;---;81.7.99.52;Pritariu;Nepritariu
01/10/15 11:27;---;82.135.246.96;Nepritariu;Pritariu
01/10/15 11:20;---;195.182.90.114;Pritariu;Neturiu nuomon_s
01/10/15 11:10;---;193.219.58.114;Pritariu;Neturiu nuomon_s
01/10/15 11:01;---;195.182.80.66;Pritariu;Nepritariu
01/10/15 10:44;---;195.182.72.2;Pritariu;Nepritariu
01/10/15 10:33;---;78.56.214.157;Pritariu;Nepritariu
01/10/15 10:31;---;80.243.19.185;Pritariu;Nepritariu
01/10/15 10:23;---;193.219.10.130;Nepritariu;Nepritariu
01/10/15 10:16;---;84.240.35.103;Pritariu;Nepritariu
01/10/15 10:06;---;195.182.86.140;Pritariu;Nepritariu
01/10/15 09:52;---;195.182.82.178;Pritariu;Neturiu nuomon_s
01/10/15 09:47;---;195.182.90.98;Pritariu;Nepritariu
01/10/15 09:46;---;81.7.76.194;Pritariu;Nepritariu
01/10/15 09:41;---;195.182.83.162;Pritariu;Neturiu nuomon_s
01/10/15 09:39;---;193.219.176.139;Pritariu;Nepritariu
01/10/15 09:29;---;195.182.72.18;Pritariu;Nepritariu
01/10/15 09:27;---;81.7.90.104;Pritariu;Nepritariu
01/10/15 09:23;---;195.182.92.162;Pritariu;Nepritariu
01/10/15 09:23;---;195.182.71.146;Pritariu;Nepritariu
01/10/15 09:22;---;195.182.80.122;Pritariu;Nepritariu
01/10/15 09:21;---;78.56.159.182;Pritariu;Nepritariu
01/10/15 09:16;---;195.182.85.129;Pritariu;Nepritariu
01/10/15 09:15;---;82.135.148.195;Pritariu;Nepritariu
01/10/15 09:15;---;195.182.76.27;Pritariu;Nepritariu
01/10/15 09:14;---;5.20.208.38;Pritariu;Nepritariu
01/10/15 09:12;---;195.182.85.77;Pritariu;Nepritariu
01/10/15 09:12;---;195.182.71.122;Pritariu;Nepritariu
01/10/15 09:10;---;78.60.11.212;Nepritariu;Nepritariu
01/10/15 09:10;---;195.182.86.155;Pritariu;Neturiu nuomon_s
01/10/15 09:08;---;195.182.85.226;Pritariu;Nepritariu
01/10/15 09:06;---;193.219.183.182;Pritariu;Nepritariu
01/10/15 08:39;---;195.182.88.66;Pritariu;Neturiu nuomon_s
01/10/15 08:16;---;213.197.169.162;Neturiu nuomon_s;Pritariu
01/10/15 08:07;---;78.157.72.81;Pritariu;Nepritariu
01/10/15 07:53;---;213.226.165.134;Pritariu;Neturiu nuomon_s
01/10/15 07:15;---;193.219.94.140;Nepritariu;Pritariu
01/10/15 06:32;---;79.132.162.165;Pritariu;Nepritariu
01/10/15 01:49;---;188.69.213.109;Pritariu;Nepritariu
01/10/15 01:05;---;78.158.15.14;Pritariu;Nepritariu
30/09/15 23:45;---;78.56.235.6;Pritariu;Nepritariu
30/09/15 23:39;---;78.60.157.179;Pritariu;Nepritariu
30/09/15 23:10;---;188.69.223.10;Pritariu;Nepritariu
30/09/15 22:09;---;78.60.9.150;Pritariu;Nepritariu
30/09/15 22:04;---;78.56.137.65;Pritariu;Pritariu
30/09/15 21:52;---;78.60.89.183;Nepritariu;Pritariu
30/09/15 19:58;---;188.29.164.177;Nepritariu;Pritariu
30/09/15 18:14;---;78.56.74.51;Neturiu nuomon_s;Pritariu
30/09/15 17:48;---;88.119.159.99;Nepritariu;Nepritariu
30/09/15 14:16;---;195.182.94.235;Nepritariu;Pritariu
30/09/15 14:08;---;84.240.53.230;Pritariu;Nepritariu
30/09/15 12:57;---;82.135.254.82;Pritariu;Nepritariu
30/09/15 12:38;---;193.219.12.52;Pritariu;Pritariu
30/09/15 12:02;---;213.197.168.94;Pritariu;Nepritariu
30/09/15 11:56;---;212.59.17.225;Pritariu;Neturiu nuomon_s
30/09/15 11:46;---;213.252.192.238;Pritariu;Nepritariu
30/09/15 09:40;---;77.241.200.118;Nepritariu;Pritariu
30/09/15 09:35;---;154.46.98.199;Pritariu;Nepritariu
29/09/15 23:17;---;78.56.57.45;Pritariu;Pritariu
29/09/15 23:12;---;212.122.72.84;Neturiu nuomon_s;Nepritariu
29/09/15 22:53;---;78.60.64.17;Pritariu;Nepritariu
29/09/15 20:33;---;194.28.233.111;Nepritariu;Pritariu
29/09/15 19:48;---;82.135.242.13;Pritariu;Neturiu nuomon_s
29/09/15 19:12;---;88.223.61.15;Pritariu;Neturiu nuomon_s
29/09/15 18:53;---;78.56.193.89;Pritariu;Nepritariu
29/09/15 18:44;---;78.56.108.54;Pritariu;Nepritariu
29/09/15 16:45;---;81.7.90.130;Nepritariu;Pritariu
29/09/15 16:38;---;85.206.22.155;Pritariu;Nepritariu
29/09/15 16:33;---;81.7.91.45;Pritariu;Nepritariu
29/09/15 15:20;---;194.110.220.208;Pritariu;Nepritariu
29/09/15 15:08;---;82.135.205.81;Pritariu;Nepritariu
29/09/15 14:38;---;193.219.8.57;Pritariu;Pritariu
29/09/15 11:31;---;78.56.43.178;Pritariu;Nepritariu
29/09/15 10:31;---;82.135.219.164;Pritariu;Nepritariu
29/09/15 10:13;---;193.219.60.10;Pritariu;Nepritariu
29/09/15 09:32;---;86.38.129.37;Pritariu;Nepritariu
29/09/15 09:21;---;78.56.202.54;Pritariu;Nepritariu
29/09/15 08:43;---;91.198.17.200;Nepritariu;Pritariu
29/09/15 08:29;---;193.219.13.153;Nepritariu;Pritariu
28/09/15 23:56;---;5.20.165.120;Nepritariu;Nepritariu
28/09/15 23:38;---;78.56.55.48;Nepritariu;Nepritariu
28/09/15 22:51;---;212.59.24.160;Nepritariu;Pritariu
28/09/15 21:54;---;78.56.34.204;Nepritariu;Pritariu
28/09/15 21:53;---;78.56.169.128;Pritariu;Nepritariu
28/09/15 20:42;---;78.60.106.242;Neturiu nuomon_s;Neturiu nuomon_s
28/09/15 20:41;---;78.56.93.255;Nepritariu;Pritariu
28/09/15 20:33;---;84.15.191.93;Nepritariu;Pritariu
28/09/15 20:16;---;95.173.42.245;Nepritariu;Pritariu
28/09/15 18:50;---;158.129.234.154;Neturiu nuomon_s;Pritariu
28/09/15 18:46;---;78.60.89.4;Pritariu;Pritariu
28/09/15 18:16;---;78.60.104.34;Pritariu;Nepritariu
28/09/15 17:37;---;188.69.192.45;Pritariu;Nepritariu
28/09/15 17:25;---;88.223.36.23;Pritariu;Nepritariu
28/09/15 13:58;---;195.182.92.77;Nepritariu;Pritariu
28/09/15 13:52;---;195.182.67.200;Nepritariu;Pritariu
28/09/15 13:21;---;212.122.91.173;Pritariu;Nepritariu
28/09/15 12:46;---;193.219.60.2;Pritariu;Nepritariu
28/09/15 10:23;---;85.206.130.249;Pritariu;Nepritariu
28/09/15 09:39;---;178.236.197.66;Pritariu;Nepritariu
28/09/15 09:39;---;193.219.60.6;Pritariu;Nepritariu
28/09/15 09:16;---;78.60.69.19;Pritariu;Nepritariu
28/09/15 08:46;---;81.7.79.138;Nepritariu;Pritariu
28/09/15 08:31;---;188.69.208.148;Pritariu;Nepritariu
27/09/15 23:46;---;85.225.111.209;Nepritariu;Nepritariu
27/09/15 23:43;---;78.60.227.46;Pritariu;Nepritariu
27/09/15 22:50;---;78.56.178.103;Pritariu;Nepritariu
27/09/15 22:29;---;5.20.146.137;Pritariu;Neturiu nuomon_s
27/09/15 22:28;---;81.7.88.224;Nepritariu;Pritariu
27/09/15 22:23;---;95.173.42.84;Pritariu;Nepritariu
27/09/15 22:14;---;78.63.248.18;Pritariu;Nepritariu
27/09/15 22:11;---;213.159.46.191;Nepritariu;Nepritariu
27/09/15 21:54;---;194.28.233.50;Pritariu;Pritariu
27/09/15 21:48;---;81.29.24.40;Nepritariu;Nepritariu
27/09/15 21:37;---;86.38.159.114;Nepritariu;Pritariu
27/09/15 21:35;---;78.157.82.98;Pritariu;Nepritariu
27/09/15 21:23;---;5.20.96.36;Pritariu;Neturiu nuomon_s
27/09/15 21:14;---;78.60.98.66;Neturiu nuomon_s;Pritariu
27/09/15 21:03;---;84.240.7.154;Pritariu;Nepritariu
27/09/15 20:56;---;78.60.126.251;Pritariu;Nepritariu
27/09/15 20:38;---;84.240.38.104;Neturiu nuomon_s;Neturiu nuomon_s
27/09/15 20:22;---;78.60.119.50;Neturiu nuomon_s;Pritariu
27/09/15 20:13;---;89.116.254.50;Pritariu;Nepritariu
27/09/15 20:09;---;78.60.78.150;Pritariu;Nepritariu
27/09/15 20:07;---;78.56.234.19;Nepritariu;Pritariu
27/09/15 20:04;---;5.20.139.240;Nepritariu;Pritariu
27/09/15 20:01;---;78.60.222.47;Pritariu;Nepritariu
27/09/15 20:00;---;88.119.144.143;Pritariu;Nepritariu
27/09/15 19:57;---;78.60.137.136;Neturiu nuomon_s;Pritariu
27/09/15 19:46;---;78.60.99.160;Nepritariu;Pritariu
27/09/15 19:31;---;78.56.139.201;Nepritariu;Pritariu
27/09/15 19:29;---;5.20.133.10;Nepritariu;Nepritariu
27/09/15 19:20;---;78.60.34.155;Pritariu;Nepritariu
27/09/15 19:09;---;5.20.170.66;Nepritariu;Pritariu
27/09/15 18:54;---;78.60.148.15;Nepritariu;Pritariu
27/09/15 18:53;---;78.56.142.161;;Pritariu
27/09/15 18:47;---;88.223.58.176;Pritariu;Neturiu nuomon_s
27/09/15 18:46;---;212.52.53.144;Neturiu nuomon_s;Nepritariu
27/09/15 18:30;---;78.56.123.121;Pritariu;Nepritariu
27/09/15 18:16;---;78.56.203.236;Pritariu;Pritariu
27/09/15 18:15;---;5.20.100.194;Nepritariu;Pritariu
27/09/15 18:15;---;78.60.87.113;Pritariu;Neturiu nuomon_s
27/09/15 18:06;---;78.57.142.152;Nepritariu;Nepritariu
27/09/15 18:01;---;78.56.76.73;Pritariu;Nepritariu
27/09/15 17:56;---;78.60.30.19;Pritariu;Nepritariu
27/09/15 17:47;---;78.157.81.22;Nepritariu;Nepritariu
27/09/15 17:33;---;78.60.70.160;Pritariu;Nepritariu
27/09/15 17:21;---;213.159.54.14;Pritariu;Nepritariu
27/09/15 16:54;---;5.20.147.12;Nepritariu;Pritariu
27/09/15 16:52;---;78.60.105.238;Pritariu;Pritariu
27/09/15 16:46;---;78.63.74.202;Pritariu;Pritariu
27/09/15 16:42;---;78.56.59.199;Nepritariu;Pritariu
27/09/15 16:31;---;78.58.120.72;Pritariu;Nepritariu
27/09/15 16:28;---;78.56.120.2;Nepritariu;Nepritariu
27/09/15 16:26;---;84.240.42.101;Pritariu;Nepritariu
27/09/15 16:22;---;193.219.131.42;Pritariu;Nepritariu
27/09/15 16:14;---;88.119.94.79;Pritariu;Nepritariu
27/09/15 16:06;---;212.52.52.108;Nepritariu;Pritariu
27/09/15 16:03;---;84.240.36.219;Pritariu;Neturiu nuomon_s
27/09/15 16:01;---;5.20.165.245;Pritariu;Nepritariu
27/09/15 15:59;---;78.63.232.101;Nepritariu;Nepritariu
27/09/15 15:55;---;78.60.97.69;Pritariu;Neturiu nuomon_s
27/09/15 15:55;---;5.20.185.110;Nepritariu;Pritariu
27/09/15 15:47;---;77.221.66.121;Pritariu;Nepritariu
27/09/15 15:46;---;46.251.50.206;Pritariu;Nepritariu
27/09/15 15:46;---;5.20.220.200;Pritariu;Nepritariu
27/09/15 15:34;---;78.157.95.4;Pritariu;Nepritariu
27/09/15 15:25;---;78.63.204.139;Nepritariu;Pritariu
27/09/15 15:20;---;88.216.18.185;Neturiu nuomon_s;Pritariu
27/09/15 15:04;---;78.60.42.48;Nepritariu;Pritariu
27/09/15 14:41;---;212.122.69.182;Nepritariu;Pritariu
27/09/15 14:35;---;78.63.237.75;Nepritariu;Nepritariu
27/09/15 14:31;---;78.60.121.116;Nepritariu;Pritariu
27/09/15 14:30;---;79.132.170.42;Nepritariu;Pritariu
27/09/15 14:24;---;89.116.219.16;Neturiu nuomon_s;Pritariu
27/09/15 13:46;---;84.240.33.220;Pritariu;Nepritariu
27/09/15 13:46;---;79.133.228.225;Pritariu;Neturiu nuomon_s
27/09/15 13:40;---;89.117.250.148;Neturiu nuomon_s;Nepritariu
27/09/15 13:10;---;78.60.186.222;Nepritariu;Pritariu
27/09/15 12:57;---;78.60.174.31;Pritariu;Nepritariu
27/09/15 12:34;---;86.100.205.224;Nepritariu;Pritariu
27/09/15 12:32;---;78.56.119.252;Pritariu;Nepritariu
27/09/15 12:20;---;95.173.32.24;Pritariu;Neturiu nuomon_s
27/09/15 12:18;---;78.56.132.129;Pritariu;Pritariu
27/09/15 11:56;---;78.158.9.144;Pritariu;Nepritariu
27/09/15 11:50;---;158.129.69.51;Pritariu;Nepritariu
27/09/15 11:48;---;78.61.203.136;Pritariu;Pritariu
27/09/15 11:46;---;78.63.199.6;Pritariu;Neturiu nuomon_s
27/09/15 11:45;---;78.60.165.198;Pritariu;Pritariu
27/09/15 11:45;---;78.60.199.217;Pritariu;Nepritariu
27/09/15 11:39;---;78.56.4.66;Nepritariu;Pritariu
27/09/15 11:25;---;78.56.65.19;Pritariu;Pritariu
27/09/15 11:23;---;86.100.225.174;Pritariu;Nepritariu
27/09/15 11:08;---;78.60.70.184;Nepritariu;Pritariu
27/09/15 11:00;---;78.56.143.41;Pritariu;Nepritariu
27/09/15 10:59;---;185.26.182.25;Nepritariu;Nepritariu
27/09/15 10:30;---;79.133.250.115;Nepritariu;Pritariu
27/09/15 10:29;---;78.56.116.200;Pritariu;Nepritariu
27/09/15 10:05;---;78.60.80.134;Pritariu;Nepritariu
27/09/15 10:04;---;78.56.140.111;Pritariu;Neturiu nuomon_s
27/09/15 09:36;---;154.46.115.14;Pritariu;Nepritariu
27/09/15 09:36;---;78.61.194.56;Nepritariu;Pritariu
27/09/15 09:31;---;78.157.85.26;Pritariu;Nepritariu
27/09/15 09:24;---;79.133.233.127;Nepritariu;Nepritariu
27/09/15 09:15;---;5.20.126.127;Nepritariu;Pritariu
27/09/15 08:54;---;86.38.220.33;Nepritariu;Pritariu
27/09/15 08:48;---;84.240.25.75;Pritariu;Nepritariu
27/09/15 08:43;---;78.60.245.49;Nepritariu;Pritariu
27/09/15 08:21;---;78.157.93.117;Pritariu;Neturiu nuomon_s
27/09/15 08:20;---;86.38.220.130;;Pritariu
27/09/15 07:29;---;188.69.194.55;Pritariu;Nepritariu
27/09/15 07:28;---;78.56.2.164;Nepritariu;Pritariu
27/09/15 07:12;---;193.41.197.246;Pritariu;Nepritariu
27/09/15 06:51;---;5.20.146.15;Pritariu;Nepritariu
27/09/15 06:37;---;78.60.18.202;Nepritariu;Nepritariu
27/09/15 04:42;---;78.60.34.29;Nepritariu;Nepritariu
27/09/15 02:33;---;78.56.206.242;Pritariu;Neturiu nuomon_s
26/09/15 23:42;---;78.56.193.173;Pritariu;Nepritariu
26/09/15 23:40;---;78.56.173.217;Pritariu;Nepritariu
26/09/15 23:09;---;89.116.50.157;Pritariu;Nepritariu
26/09/15 23:06;---;78.61.246.169;Pritariu;Nepritariu
26/09/15 23:02;---;78.61.241.138;Nepritariu;Nepritariu
26/09/15 22:45;---;188.69.196.6;Nepritariu;Nepritariu
26/09/15 22:39;---;84.240.11.72;Nepritariu;Nepritariu
26/09/15 22:37;---;78.56.248.52;Pritariu;Neturiu nuomon_s
26/09/15 22:34;---;78.56.174.193;Nepritariu;Pritariu
26/09/15 22:23;---;78.60.85.8;Nepritariu;Pritariu
26/09/15 22:11;---;95.173.36.187;Pritariu;Pritariu
26/09/15 22:03;---;89.117.248.161;Nepritariu;Pritariu
26/09/15 21:53;---;78.60.204.82;Pritariu;Nepritariu
26/09/15 21:50;---;78.56.29.72;Nepritariu;Pritariu
26/09/15 21:49;---;78.60.131.215;Pritariu;Nepritariu
26/09/15 21:46;---;78.60.182.184;Pritariu;Pritariu
26/09/15 21:40;---;78.60.183.209;Pritariu;Nepritariu
26/09/15 21:37;---;213.159.44.2;Nepritariu;Pritariu
26/09/15 21:33;---;213.164.113.12;Pritariu;Neturiu nuomon_s
26/09/15 21:32;---;88.119.245.69;Pritariu;Nepritariu
26/09/15 21:24;---;78.56.38.88;Neturiu nuomon_s;Pritariu
26/09/15 20:31;---;78.157.89.85;Pritariu;Nepritariu
26/09/15 20:29;---;88.119.29.9;Nepritariu;Pritariu
26/09/15 20:28;---;5.20.201.118;Pritariu;Nepritariu
26/09/15 20:14;---;78.56.169.57;Pritariu;Nepritariu
26/09/15 20:12;---;78.56.233.238;Pritariu;Pritariu
26/09/15 20:01;---;78.60.54.149;Nepritariu;Pritariu
26/09/15 19:54;---;213.197.143.238;Neturiu nuomon_s;Nepritariu
26/09/15 19:48;---;212.122.76.171;Nepritariu;Pritariu
26/09/15 19:43;---;78.56.133.142;Pritariu;Nepritariu
26/09/15 19:39;---;188.69.195.200;Pritariu;Pritariu
26/09/15 19:28;---;78.56.144.118;Nepritariu;Pritariu
26/09/15 19:27;---;78.56.140.161;Pritariu;Nepritariu
26/09/15 19:12;---;86.38.3.155;Nepritariu;Nepritariu
26/09/15 19:05;---;78.157.81.5;Pritariu;Neturiu nuomon_s
26/09/15 19:02;---;79.133.239.10;Pritariu;Nepritariu
26/09/15 18:47;---;84.240.57.119;Pritariu;Pritariu
26/09/15 18:44;---;78.60.0.65;Pritariu;Nepritariu
26/09/15 18:38;---;84.15.186.221;Nepritariu;Pritariu
26/09/15 18:37;---;78.60.250.203;Pritariu;Nepritariu
26/09/15 18:30;---;84.240.43.32;Pritariu;Nepritariu
26/09/15 18:20;---;5.20.173.11;Pritariu;Pritariu
26/09/15 17:45;---;78.60.185.237;Pritariu;Nepritariu
26/09/15 17:34;---;213.164.120.250;Nepritariu;Pritariu
26/09/15 17:33;---;78.56.179.229;Pritariu;Nepritariu
26/09/15 17:22;---;188.69.212.128;Nepritariu;Pritariu
26/09/15 17:14;---;78.60.89.140;Pritariu;Nepritariu
26/09/15 16:54;---;5.20.210.118;Pritariu;Nepritariu
26/09/15 16:44;---;78.56.127.181;Pritariu;Nepritariu
26/09/15 16:12;---;78.56.120.43;Pritariu;Nepritariu
26/09/15 15:51;---;78.60.44.6;Pritariu;Nepritariu
26/09/15 15:41;---;78.60.63.217;Nepritariu;Pritariu
26/09/15 15:26;---;84.15.181.106;Pritariu;Neturiu nuomon_s
26/09/15 15:15;---;78.56.10.151;Pritariu;Nepritariu
26/09/15 15:09;---;5.20.207.237;Pritariu;Neturiu nuomon_s
26/09/15 15:06;---;78.56.97.71;Pritariu;Pritariu
26/09/15 15:03;---;84.240.16.161;Neturiu nuomon_s;Pritariu
26/09/15 14:47;---;86.38.6.2;Pritariu;Pritariu
26/09/15 14:44;---;78.60.208.44;Nepritariu;Pritariu
26/09/15 14:32;---;78.60.216.167;Pritariu;Pritariu
26/09/15 14:28;---;78.60.181.178;Pritariu;Nepritariu
26/09/15 14:10;---;78.56.218.34;Pritariu;Nepritariu
26/09/15 13:45;---;85.206.128.8;Pritariu;Nepritariu
26/09/15 13:39;---;78.56.139.141;Pritariu;Nepritariu
26/09/15 13:25;---;78.60.54.85;Nepritariu;Pritariu
26/09/15 13:07;---;78.60.29.11;Nepritariu;Pritariu
26/09/15 13:04;---;158.129.67.40;Pritariu;Nepritariu
26/09/15 12:49;---;5.20.160.22;Pritariu;Pritariu
26/09/15 12:29;---;94.244.103.54;Pritariu;Pritariu
26/09/15 12:27;---;78.60.61.4;Pritariu;Nepritariu
26/09/15 12:27;---;78.56.48.128;Nepritariu;Pritariu
26/09/15 12:20;---;213.164.96.100;Nepritariu;Pritariu
26/09/15 12:19;---;78.56.166.96;Pritariu;Nepritariu
26/09/15 12:18;---;78.60.100.191;Pritariu;Neturiu nuomon_s
26/09/15 11:51;---;79.133.233.65;Pritariu;Neturiu nuomon_s
26/09/15 11:46;---;79.133.231.213;Pritariu;Nepritariu
26/09/15 11:40;---;86.38.9.11;Pritariu;Nepritariu
26/09/15 11:36;---;86.100.231.11;Neturiu nuomon_s;Neturiu nuomon_s
26/09/15 11:31;---;213.190.46.52;Pritariu;Nepritariu
26/09/15 11:13;---;78.60.12.134;Pritariu;Neturiu nuomon_s
26/09/15 11:11;---;88.119.17.156;Pritariu;Nepritariu
26/09/15 11:05;---;84.46.146.21;Pritariu;Nepritariu
26/09/15 10:46;---;78.56.40.11;Pritariu;Nepritariu
26/09/15 10:26;---;84.240.16.123;Pritariu;Neturiu nuomon_s
26/09/15 10:25;---;188.69.196.134;Pritariu;Neturiu nuomon_s
26/09/15 10:19;---;5.20.132.198;Pritariu;Nepritariu
26/09/15 10:18;---;89.254.142.90;Pritariu;Neturiu nuomon_s
26/09/15 10:16;---;84.15.184.105;Pritariu;Neturiu nuomon_s
26/09/15 10:14;---;88.223.16.13;Pritariu;Neturiu nuomon_s
26/09/15 10:11;---;5.20.206.51;Pritariu;Nepritariu
26/09/15 10:06;---;84.240.46.183;Nepritariu;Pritariu
26/09/15 10:06;---;78.56.51.93;Pritariu;Pritariu
26/09/15 10:03;---;84.15.184.2;Pritariu;Nepritariu
26/09/15 09:47;---;78.60.41.61;Pritariu;Nepritariu
26/09/15 09:47;---;78.56.121.126;Pritariu;Nepritariu
26/09/15 09:43;---;78.56.29.0;Pritariu;Pritariu
26/09/15 09:39;---;5.20.140.145;Pritariu;Neturiu nuomon_s
26/09/15 09:39;---;84.240.61.138;Pritariu;Neturiu nuomon_s
26/09/15 09:31;---;78.56.253.152;Pritariu;Nepritariu
26/09/15 09:31;---;78.56.191.72;Pritariu;Nepritariu
26/09/15 09:05;---;158.129.194.180;Nepritariu;Nepritariu
26/09/15 09:04;---;78.60.206.25;Pritariu;
26/09/15 09:02;---;78.60.207.61;Nepritariu;Pritariu
26/09/15 08:55;---;212.117.14.162;Nepritariu;Pritariu
26/09/15 08:54;---;78.60.75.79;Nepritariu;Pritariu
26/09/15 08:53;---;78.56.190.92;Nepritariu;Nepritariu
26/09/15 08:51;---;77.240.250.101;Pritariu;Nepritariu
26/09/15 08:17;---;78.157.91.125;Nepritariu;Pritariu
26/09/15 08:15;---;78.56.73.248;Pritariu;Nepritariu
26/09/15 07:56;---;82.135.200.182;Pritariu;Pritariu
26/09/15 07:34;---;78.60.162.87;Pritariu;Pritariu
26/09/15 07:31;---;78.56.175.255;Pritariu;Nepritariu
26/09/15 07:09;---;5.20.142.29;Nepritariu;Pritariu
26/09/15 02:27;---;78.56.217.39;Pritariu;Nepritariu
26/09/15 01:00;---;84.240.30.46;Nepritariu;Pritariu
26/09/15 00:37;---;213.226.131.133;Nepritariu;Nepritariu
26/09/15 00:28;---;79.132.168.114;Nepritariu;Pritariu
26/09/15 00:26;---;5.20.218.98;Pritariu;Nepritariu
26/09/15 00:18;---;78.60.92.137;Nepritariu;Pritariu
26/09/15 00:14;---;89.117.250.59;Pritariu;Nepritariu
26/09/15 00:04;---;5.20.209.160;Pritariu;Nepritariu
25/09/15 23:46;---;78.56.172.160;Pritariu;Nepritariu
25/09/15 23:38;---;5.20.181.96;Pritariu;Neturiu nuomon_s
25/09/15 23:35;---;78.60.107.131;Pritariu;Pritariu
25/09/15 23:34;---;78.61.222.37;Nepritariu;Pritariu
25/09/15 23:34;---;79.132.163.226;Pritariu;Neturiu nuomon_s
25/09/15 23:31;---;78.157.91.57;Pritariu;Nepritariu
25/09/15 23:08;---;193.219.88.198;Pritariu;Neturiu nuomon_s
25/09/15 22:42;---;78.56.6.214;Nepritariu;Pritariu
25/09/15 22:22;---;78.56.180.119;Nepritariu;Nepritariu
25/09/15 22:16;---;185.54.14.116;Pritariu;Neturiu nuomon_s
25/09/15 22:08;---;78.56.160.47;Neturiu nuomon_s;Pritariu
25/09/15 21:42;---;79.132.164.128;Pritariu;Pritariu
25/09/15 21:41;---;95.173.40.212;Nepritariu;Pritariu
25/09/15 21:34;---;78.56.105.85;Pritariu;Pritariu
25/09/15 21:29;---;78.60.193.85;Pritariu;Pritariu
25/09/15 21:23;---;5.20.138.74;Nepritariu;Pritariu
25/09/15 21:13;---;5.20.116.8;Pritariu;Nepritariu
25/09/15 21:04;---;154.46.113.100;Nepritariu;Nepritariu
25/09/15 20:57;---;78.61.218.35;Pritariu;Nepritariu
25/09/15 20:48;---;78.56.187.66;Neturiu nuomon_s;Pritariu
25/09/15 20:42;---;194.28.233.23;Pritariu;Nepritariu
25/09/15 20:26;---;5.20.177.175;Pritariu;Nepritariu
25/09/15 20:25;---;89.116.116.9;Pritariu;Nepritariu
25/09/15 20:24;---;78.60.157.147;Pritariu;Neturiu nuomon_s
25/09/15 20:05;---;78.56.101.191;Nepritariu;Pritariu
25/09/15 19:53;---;78.157.72.218;Nepritariu;Pritariu
25/09/15 19:50;---;78.56.200.3;Pritariu;Neturiu nuomon_s
25/09/15 19:17;---;78.60.230.121;Pritariu;Neturiu nuomon_s
25/09/15 19:12;---;84.240.19.222;Nepritariu;Pritariu
25/09/15 19:04;---;95.173.35.159;Nepritariu;Pritariu
25/09/15 18:46;---;78.56.126.132;Pritariu;Pritariu
25/09/15 18:39;---;88.119.159.213;Pritariu;Nepritariu
25/09/15 18:24;---;213.164.109.103;Nepritariu;Nepritariu
25/09/15 18:13;---;78.60.139.42;Nepritariu;Pritariu
25/09/15 18:11;---;78.60.32.99;Pritariu;Nepritariu
25/09/15 18:10;---;81.7.118.26;Pritariu;Pritariu
25/09/15 18:06;---;95.173.39.78;Nepritariu;Pritariu
25/09/15 18:06;---;5.20.129.5;Pritariu;Nepritariu
25/09/15 17:48;---;84.17.71.10;Nepritariu;Pritariu
25/09/15 17:47;---;5.20.165.98;Pritariu;Nepritariu
25/09/15 17:47;---;5.20.184.179;Pritariu;Pritariu
25/09/15 17:31;---;158.129.149.78;Pritariu;Neturiu nuomon_s
25/09/15 17:27;---;85.255.111.225;Nepritariu;Pritariu
25/09/15 17:22;---;78.61.205.163;Nepritariu;Nepritariu
25/09/15 17:13;---;78.56.37.191;Neturiu nuomon_s;Pritariu
25/09/15 17:11;---;88.119.193.206;Neturiu nuomon_s;Neturiu nuomon_s
25/09/15 17:05;---;78.56.70.91;Pritariu;Nepritariu
25/09/15 17:04;---;217.117.18.178;Pritariu;Pritariu
25/09/15 16:58;---;85.206.22.156;Nepritariu;Pritariu
25/09/15 16:53;---;78.60.183.129;Pritariu;Nepritariu
25/09/15 16:47;---;82.135.142.50;Pritariu;Nepritariu
25/09/15 16:46;---;213.197.132.238;Pritariu;Nepritariu
25/09/15 16:42;---;77.240.252.114;Pritariu;Nepritariu
25/09/15 16:25;---;217.117.18.139;Nepritariu;Pritariu
25/09/15 16:23;---;195.182.93.77;Nepritariu;Pritariu
25/09/15 16:17;---;178.236.205.212;Pritariu;Pritariu
25/09/15 16:17;---;78.61.201.98;Nepritariu;Nepritariu
25/09/15 16:13;---;158.129.152.186;Nepritariu;Pritariu
25/09/15 16:09;---;88.119.206.39;Pritariu;Neturiu nuomon_s
25/09/15 16:01;---;78.60.211.251;Neturiu nuomon_s;Pritariu
25/09/15 15:52;---;81.7.88.252;Nepritariu;Nepritariu
25/09/15 15:45;---;78.60.45.214;Neturiu nuomon_s;Pritariu
25/09/15 15:41;---;82.135.200.190;Nepritariu;Pritariu
25/09/15 15:41;---;78.56.188.124;Neturiu nuomon_s;Pritariu
25/09/15 15:26;---;93.93.57.87;Pritariu;Nepritariu
25/09/15 15:16;---;78.56.104.164;Pritariu;Neturiu nuomon_s
25/09/15 15:12;---;95.173.32.107;Pritariu;Nepritariu
25/09/15 15:08;---;213.197.135.242;Pritariu;Neturiu nuomon_s
25/09/15 15:06;---;193.219.11.145;Nepritariu;Pritariu
25/09/15 15:01;---;193.219.48.188;Pritariu;Pritariu
25/09/15 14:58;---;88.119.11.65;Pritariu;Nepritariu
25/09/15 14:50;---;82.135.214.249;Nepritariu;Nepritariu
25/09/15 14:47;---;195.14.173.170;Nepritariu;Nepritariu
25/09/15 14:40;---;78.56.155.225;Nepritariu;Pritariu
25/09/15 14:33;---;154.46.99.43;Pritariu;Pritariu
25/09/15 14:05;---;84.240.39.195;Pritariu;Neturiu nuomon_s
25/09/15 14:05;---;85.255.107.78;Pritariu;Nepritariu
25/09/15 14:04;---;84.15.118.140;Pritariu;Nepritariu
25/09/15 14:00;---;85.206.130.111;Pritariu;Nepritariu
25/09/15 13:56;---;213.197.148.150;Pritariu;Nepritariu
25/09/15 13:46;---;81.7.122.49;Pritariu;Nepritariu
25/09/15 13:42;---;195.182.83.67;Nepritariu;Nepritariu
25/09/15 13:41;---;78.56.36.149;Nepritariu;Pritariu
25/09/15 13:41;---;195.182.88.2;Pritariu;Pritariu
25/09/15 13:36;---;88.119.151.11;Pritariu;Nepritariu
25/09/15 13:34;---;77.240.251.226;Nepritariu;Pritariu
25/09/15 13:31;---;81.7.90.155;Nepritariu;Pritariu
25/09/15 13:26;---;88.223.53.166;Pritariu;Nepritariu
25/09/15 13:21;---;193.219.13.221;Pritariu;Nepritariu
25/09/15 13:20;---;88.216.168.65;Pritariu;Nepritariu
25/09/15 13:14;LUKAS BORUSEVI_IUS;193.219.57.42;Pritariu;Nepritariu
25/09/15 13:13;---;213.159.37.129;Pritariu;Neturiu nuomon_s
25/09/15 12:58;---;193.219.88.2;Nepritariu;Pritariu
25/09/15 12:55;---;195.182.69.58;Neturiu nuomon_s;Neturiu nuomon_s
25/09/15 12:54;---;193.219.11.83;Pritariu;Pritariu
25/09/15 12:51;---;89.190.109.84;Pritariu;Nepritariu
25/09/15 12:42;---;84.46.171.44;Nepritariu;Pritariu
25/09/15 12:31;---;195.182.67.8;Pritariu;Nepritariu
25/09/15 12:30;---;195.182.75.7;Pritariu;Neturiu nuomon_s
25/09/15 12:30;---;79.132.191.8;Pritariu;Nepritariu
25/09/15 12:25;---;185.23.49.47;Pritariu;Nepritariu
25/09/15 12:22;---;88.119.145.63;Nepritariu;Pritariu
25/09/15 12:18;---;84.15.186.91;Nepritariu;Pritariu
25/09/15 12:15;---;89.249.87.70;Pritariu;Nepritariu
25/09/15 12:12;---;195.182.66.5;Nepritariu;Pritariu
25/09/15 12:09;---;89.249.85.148;Pritariu;Neturiu nuomon_s
25/09/15 11:56;---;78.56.27.202;Pritariu;Neturiu nuomon_s
25/09/15 11:48;---;78.63.217.158;Pritariu;Nepritariu
25/09/15 11:45;---;89.249.85.210;Pritariu;Nepritariu
25/09/15 11:44;---;88.119.11.234;Nepritariu;Pritariu
25/09/15 11:43;---;78.56.106.212;Pritariu;Nepritariu
25/09/15 11:39;---;193.219.11.82;Pritariu;Nepritariu
25/09/15 11:38;---;5.20.149.74;Neturiu nuomon_s;Pritariu
25/09/15 11:22;---;88.119.145.21;Nepritariu;Pritariu
25/09/15 11:21;---;213.164.103.65;Nepritariu;Pritariu
25/09/15 11:16;---;82.135.204.188;Nepritariu;Nepritariu
25/09/15 11:16;---;78.60.234.18;Nepritariu;Nepritariu
25/09/15 11:12;---;79.133.244.41;Pritariu;Nepritariu
25/09/15 11:05;---;78.61.247.182;Pritariu;Nepritariu
25/09/15 11:03;---;195.182.66.90;Nepritariu;Pritariu
25/09/15 11:01;---;87.239.116.238;Pritariu;Nepritariu
25/09/15 10:56;---;88.216.169.99;Pritariu;Nepritariu
25/09/15 10:52;---;79.133.230.146;Pritariu;Neturiu nuomon_s
25/09/15 10:48;---;78.60.120.37;Nepritariu;Nepritariu
25/09/15 10:47;---;82.135.246.112;Pritariu;Nepritariu
25/09/15 10:29;---;213.197.168.110;Pritariu;Nepritariu
25/09/15 10:29;---;195.182.69.123;;Pritariu
25/09/15 10:27;---;78.60.68.122;Pritariu;Nepritariu
25/09/15 10:18;---;88.216.168.13;Pritariu;Nepritariu
25/09/15 10:14;---;78.56.135.215;Nepritariu;Pritariu
25/09/15 10:13;---;195.182.88.203;Neturiu nuomon_s;Pritariu
25/09/15 10:12;---;212.59.12.50;Pritariu;Neturiu nuomon_s
25/09/15 10:05;---;79.132.167.99;Pritariu;Nepritariu
25/09/15 09:58;---;213.164.103.185;Nepritariu;Pritariu
25/09/15 09:57;---;77.240.253.85;Pritariu;Nepritariu
25/09/15 09:53;---;82.135.201.18;Nepritariu;Nepritariu
25/09/15 09:52;---;78.60.194.70;Pritariu;Nepritariu
25/09/15 09:51;---;195.182.70.50;Nepritariu;Nepritariu
25/09/15 09:51;---;78.56.84.227;Pritariu;Nepritariu
25/09/15 09:51;---;86.38.236.162;Pritariu;Nepritariu
25/09/15 09:51;---;195.182.73.240;Pritariu;Neturiu nuomon_s
25/09/15 09:48;---;78.57.202.182;Pritariu;Nepritariu
25/09/15 09:46;---;193.41.197.248;Pritariu;Nepritariu
25/09/15 09:45;---;88.119.140.104;Pritariu;Pritariu
25/09/15 09:38;---;78.157.93.87;Nepritariu;Pritariu
25/09/15 09:38;---;195.43.136.30;Nepritariu;Pritariu
25/09/15 09:38;---;82.135.200.88;Pritariu;Nepritariu
25/09/15 09:36;---;195.14.189.46;Pritariu;Neturiu nuomon_s
25/09/15 09:36;---;88.118.134.153;Nepritariu;Pritariu
25/09/15 09:35;---;88.119.87.128;Pritariu;Neturiu nuomon_s
25/09/15 09:33;---;213.252.240.45;Nepritariu;Pritariu
25/09/15 09:32;---;193.219.12.239;Pritariu;Nepritariu
25/09/15 08:51;---;81.7.118.34;Pritariu;Neturiu nuomon_s
25/09/15 08:46;---;213.226.139.5;Nepritariu;Nepritariu
24/09/15 23:33;---;78.60.213.26;Pritariu;Pritariu
24/09/15 22:32;---;80.240.1.43;Neturiu nuomon_s;Pritariu
24/09/15 19:31;---;195.182.82.90;Pritariu;Nepritariu
24/09/15 18:38;---;78.60.233.181;Nepritariu;Pritariu